{"salesorder_id":"1713589000014870616","documents":[],"zcrm_potential_id":"","zcrm_potential_name":"","salesorder_number":"SO-01002","date":"2024-09-04","offline_created_date_with_time":"","tracking_url":"","has_discount":false,"is_pre_gst":false,"invoice_conversion_type":"invoice","status":"confirmed","color_code":"","current_sub_status_id":"","current_sub_status":"closed","sub_statuses":[],"shipment_date":"2024-09-16","reference_number":"2307210015572","customer_id":"1713589000000470705","customer_name":"HOT Chennai C4 - Feeder","contact_persons":[],"contact_person_details":[{"phone":"","mobile":"9626694211","last_name":"","contact_person_id":"1713589000000470707","first_name":"HOT Chennai C4 - Feeder","email":""}],"source":"Client","gst_no":"33AADCH7038R1Z4","contact_category":"business_gst","gst_treatment":"business_gst","tax_treatment":"business_gst","place_of_supply":"TN","tax_specification":"inter","is_taxable":false,"has_shipping_address":true,"currency_id":"1713589000000000064","currency_code":"INR","currency_symbol":"Rs.","exchange_rate":1,"is_discount_before_tax":true,"discount_type":"item_level","estimate_id":"","delivery_method":"Courier","delivery_method_id":"1713589000000032128","is_inclusive_tax":true,"tax_rounding":"entity_level","tds_override_preference":"no_override","order_status":"closed","invoiced_status":"invoiced","paid_status":"unpaid","shipped_status":"pending","sales_channel":"direct_sales","sales_channel_formatted":"Direct Sales","account_identifier":"","integration_id":"","is_dropshipped":false,"is_backordered":false,"is_manually_fulfilled":false,"can_manually_fulfill":true,"has_qty_cancelled":false,"is_reverse_charge_applied":false,"shipping_details":[],"created_by_email":"ashishikaroa1993@gmail.com","created_by_name":"Ashish","branch_id":"1713589000001233021","branch_name":"Head Office","location_id":"1713589000001233021","location_name":"Head Office","total_quantity":108,"line_items":[{"line_item_id":"1713589000014870622","variant_id":"1713589000001337403","item_id":"1713589000001337403","is_returnable":true,"product_id":"1713589000001337403","attribute_name1":"","attribute_name2":"","attribute_name3":"","attribute_option_name1":"","attribute_option_name2":"","attribute_option_name3":"","attribute_option_data1":"","attribute_option_data2":"","attribute_option_data3":"","is_combo_product":true,"warehouse_id":"1713589000000023030","warehouse_name":"TRUEBHAKTI","sku":"TB2028C","name":"Bengal Red Gamcha COMBO","group_name":"Bengal Red Gamcha COMBO","description":"","item_order":1,"bcy_rate":170,"rate":170,"sales_rate":0,"quantity":72,"quantity_manuallyfulfilled":0,"unit":"pcs","base_unit_id":"1713589000000022160","unit_conversion_id":"","pricebook_id":"","header_id":"","header_name":"","discount_amount":0,"discount":0,"discounts":[],"gst_treatment_code":"","tax_id":"1713589000000023096","tax_name":"IGST5","tax_type":"tax","tax_percentage":5,"line_item_taxes":[{"tax_id":"1713589000000023096","tax_name":"IGST5 (5%)","tax_amount":582.86}],"item_total":11657.14,"item_sub_total":11657.14,"product_type":"goods","line_item_type":"goods","item_type":"inventory","hsn_or_sac":"58063190","is_invoiced":true,"is_unconfirmed_product":false,"tags":[],"image_name":"","image_type":"","image_document_id":"","document_id":"","item_custom_fields":[],"custom_field_hash":[],"quantity_invoiced":72,"quantity_packed":0,"quantity_shipped":0,"quantity_backordered":0,"quantity_dropshipped":0,"quantity_cancelled":0,"quantity_delivered":0,"package_details":{"length":"","width":"","height":"","weight":0.12,"weight_unit":"kg","dimension_unit":"cm"},"quantity_invoiced_cancelled":0,"quantity_returned":0,"is_fulfillable":0,"project_id":""},{"line_item_id":"1713589000014870624","variant_id":"1713589000001226521","item_id":"1713589000001226521","is_returnable":true,"product_id":"1713589000001226521","attribute_name1":"","attribute_name2":"","attribute_name3":"","attribute_option_name1":"","attribute_option_name2":"","attribute_option_name3":"","attribute_option_data1":"","attribute_option_data2":"","attribute_option_data3":"","is_combo_product":true,"warehouse_id":"1713589000000023030","warehouse_name":"TRUEBHAKTI","sku":"TB1393C","name":"Red chandan mala COMBO","group_name":"Red chandan mala COMBO","description":"","item_order":2,"bcy_rate":230,"rate":230,"sales_rate":0,"quantity":36,"quantity_manuallyfulfilled":0,"unit":"pcs","base_unit_id":"1713589000000022160","unit_conversion_id":"","pricebook_id":"","header_id":"","header_name":"","discount_amount":0,"discount":0,"discounts":[],"gst_treatment_code":"","tax_id":"1713589000000453257","tax_name":"IGST3","tax_type":"tax","tax_percentage":3,"line_item_taxes":[{"tax_id":"1713589000000453257","tax_name":"IGST3 (3%)","tax_amount":241.17}],"item_total":8038.83,"item_sub_total":8038.83,"product_type":"goods","line_item_type":"goods","item_type":"inventory","hsn_or_sac":"71179090","is_invoiced":true,"is_unconfirmed_product":false,"tags":[],"image_name":"","image_type":"","image_document_id":"","document_id":"","item_custom_fields":[],"custom_field_hash":[],"quantity_invoiced":36,"quantity_packed":0,"quantity_shipped":0,"quantity_backordered":0,"quantity_dropshipped":0,"quantity_cancelled":0,"quantity_delivered":0,"package_details":{"length":"","width":"","height":"","weight":0.05,"weight_unit":"kg","dimension_unit":"cm"},"quantity_invoiced_cancelled":0,"quantity_returned":0,"is_fulfillable":0,"project_id":""}],"entity_tags":"","submitter_id":"","approver_id":"","submitted_date":"","submitted_by":"","submitted_by_name":"","submitted_by_email":"","submitted_by_photo_url":"","price_precision":2,"is_emailed":false,"has_unconfirmed_line_item":false,"picklists":[],"purchaseorders":[],"warehouses":[{"warehouse_id":"1713589000000023030","warehouse_name":"TRUEBHAKTI","address":"D-51","city":"DELHI","state":"Delhi","country":"India","zip":"110070","phone":"9910900354","email":"finance.truebhakti@gmail.com","is_primary":true,"status":"active","sales_channels":[]},{"warehouse_id":"1713589000001243022","warehouse_name":"Haryana","address":"THIRD FLOOR, PLOT NO. 49, PACE CITY 1,","city":"","state":"Haryana","country":"India","zip":"122001","phone":"","email":"","is_primary":false,"status":"active","sales_channels":[]},{"warehouse_id":"1713589000001246341","warehouse_name":"Jammu","address":"1st Floor, C\/1, 100 Sqft. Outlet, Jammu","city":"Jammu","state":"Jammu and Kashmir","country":"India","zip":"180003","phone":"","email":"","is_primary":false,"status":"active","sales_channels":[]}],"billing_address_id":"1713589000000470710","billing_address":{"address":"HANDS ON TRADES PVT. LTD. Sy No 91\/1B2 Chettipedu Industrial Estate","street2":"Mevalur Kuppam Village Sriperumbudur","city":"Kanchipuram","state":"Tamil Nadu","zip":"602105","country":"India","country_code":"IN","state_code":"TN","fax":"","phone":"9626694211","attention":""},"shipping_address_id":"1713589000000470713","shipping_address":{"address":"HANDS ON TRADES PVT. LTD. Sy No 91\/1B2 Chettipedu Industrial Estate","street2":"Mevalur Kuppam Village Sriperumbudur","city":"Kanchipuram","state":"Tamil Nadu","zip":"602105","country":"India","country_code":"IN","state_code":"TN","fax":"","phone":"9626694211","attention":""},"is_test_order":false,"notes":"","terms":"","payment_terms":45,"payment_terms_label":"Net 45","custom_fields":[],"custom_field_hash":[],"template_id":"1713589000000000239","template_name":"Standard Template","page_width":"8.27in","page_height":"11.69in","orientation":"portrait","template_type":"standard","created_time":"2024-09-04T17:28:50+0530","last_modified_time":"2024-09-04T17:36:59+0530","created_by_id":"1713589000003466086","created_date":"2024-09-04","last_modified_by_id":"1713589000003466086","attachment_name":"","can_send_in_mail":false,"salesperson_id":"1713589000001286077","salesperson_name":"Blinkit","merchant_id":"","merchant_name":"","merchant_gst_no":"","pickup_location_id":"","discount":0,"discount_applied_on_amount":0,"is_adv_tracking_in_package":false,"shipping_charge_tax_id":"","shipping_charge_tax_name":"","shipping_charge_tax_type":"","shipping_charge_tax_percentage":"","shipping_charge_tax_exemption_id":"","shipping_charge_tax_exemption_code":"","shipping_charge_sac_code":"","shipping_charge_tax":"","bcy_shipping_charge_tax":"","shipping_charge_exclusive_of_tax":0,"shipping_charge_inclusive_of_tax":0,"shipping_charge_tax_formatted":"","shipping_charge_exclusive_of_tax_formatted":"Rs.0.00","shipping_charge_inclusive_of_tax_formatted":"Rs.0.00","shipping_charge":0,"bcy_shipping_charge":0,"adjustment":0,"bcy_adjustment":0,"adjustment_description":"Adjustment","roundoff_value":0,"transaction_rounding_type":"no_rounding","sub_total":19695.97,"bcy_sub_total":19695.97,"sub_total_inclusive_of_tax":0,"sub_total_exclusive_of_discount":19695.97,"discount_total":0,"bcy_discount_total":0,"discount_percent":0,"tax_total":824.03,"bcy_tax_total":824.03,"total":20520,"computation_type":"basic","bcy_total":20520,"reverse_charge_tax_total":0,"taxes":[{"tax_amount":582.86,"tax_name":"IGST5","tax_amount_formatted":"Rs.582.86"},{"tax_amount":241.17,"tax_name":"IGST3","tax_amount_formatted":"Rs.241.17"}],"tds_calculation_type":"tds_item_level","tds_summary":[],"packages":[],"so_cycle_preference":{"is_feature_enabled":false,"socycle_status":"not_triggered","can_create_invoice":false,"can_create_package":false,"can_create_shipment":false,"shipment_preference":{"default_carrier":"","send_notification":false,"deliver_shipments":false},"invoice_preference":{"mark_as_sent":false,"record_payment":false,"payment_type":""}},"invoices":[{"invoice_id":"1713589000015006140","invoice_number":"INV-001102","reference_number":"SO-01002","status":"sent","date":"2024-09-04","due_date":"2024-10-19","total":20520,"balance":20520}],"salesreturns":[],"payments":[],"creditnotes":[],"refunds":[],"contact":{"customer_balance":391846.69,"credit_limit":0,"unused_customer_credits":3.27,"is_credit_limit_migration_completed":true},"balance":20520,"approvers_list":[]}